"index","name","x","y"
1,"Paris",2.35222,48.85661
2,"Lyon",4.83565,45.76404
3,"Berlin",13.40495,52.52
4,"Marseille",5.36977,43.29648
5,"Prague",14.4378,50.07553
6,"Vienne",16.37381,48.20817
